<?xml version="1.0" encoding="UTF-8" ?>
<!DOCTYPE mapper PUBLIC "-//mybatis.org//DTD Mapper 3.0//EN"
	"http://mybatis.org/dtd/mybatis-3-mapper.dtd">
<mapper namespace="com.ssafy.product.repo.CommentRepo">
	<!-- code에 해당하는 댓글 조회 -->
	<select id="list" resultType="commentDto">
		select comment_no, user_name, comment, comment_time, code
		from comments where code = #{code} order by comment_time desc
	</select>

	<!-- 제품 정보 등록 -->
	<insert id="create">
		insert into comments(comment_no, user_name, comment, comment_time, code) 
		values (#{comment_no}, #{user_name}, #{comment}, now(), #{code})
	</insert>
	
	<!-- 제품 정보 수정 -->
	<update id="modify">
		update comments set comment = #{comment} 
		where comment_no = #{comment_no}
	</update>

	<!-- code에 따른 제품 정보 삭제 -->
	<delete id="delete">
		delete from comments 
		where comment_no = #{comment_no}
	</delete>
</mapper>

