<?xml version="1.0" encoding="UTF-8" ?>
<!DOCTYPE mapper PUBLIC "-//mybatis.org//DTD Mapper 3.0//EN"
	"http://mybatis.org/dtd/mybatis-3-mapper.dtd">
<mapper namespace="com.ssafy.product.repo.ProductRepo">
	<!-- 전체 제품 조회 -->
	<select id="list" resultType="productDto">
		select code, title, company, price, content
		from product order by price desc
	</select>
	
	<!-- code에 따른 제품 상세 조회 -->
	<select id="search" resultType="productDto">
		select code, title, company, price, content
		from product where code=#{code}
	</select>

	<!-- 제품 정보 등록 -->
	<insert id="create">
		insert into product(code, title, company, price, content) 
		values (#{code}, #{title}, #{company}, #{price}, #{content})
	</insert>
	
	<!-- 제품 정보 수정 -->
	<update id="modify">
		update product set title=#{title}, company=#{company}, price=#{price}, content=#{content} 
		where code=#{code}
	</update>

	<!-- code에 따른 제품 정보 삭제 -->
	<delete id="delete">
		delete from product 
		where code=#{code}
	</delete>
</mapper>